HomeTeam,AwayTeam,Penalties,Date,Time,Year,Home Team Goals,Away Team Goals,Total Goals Scored
France,Mexico,[],13 July 1930,15:00,1930,4,1,5
Uruguay,Argentina,[],30 July 1930,12:45,1930,4,2,6
Uruguay,Yugoslavia,[],27 July 1930,14:45,1930,6,1,7
Argentina,United States,[],26 July 1930,14:45,1930,6,1,7
Paraguay,Belgium,[],20 July 1930,15:00,1930,1,0,1
United States,Paraguay,[],17 July 1930,14:45,1930,3,0,3
Uruguay,Romania,[],21 July 1930,14:50,1930,4,0,4
Uruguay,Peru,[],18 July 1930,14:30,1930,1,0,1
Romania,Peru,[],14 July 1930,14:50,1930,3,1,4
United States,Belgium,[],13 July 1930,15:00,1930,3,0,3
Yugoslavia,Bolivia,[],17 July 1930,12:45,1930,4,0,4
Yugoslavia,Brazil,[],14 July 1930,12:45,1930,2,1,3
Argentina,Chile,[],22 July 1930,14:45,1930,3,1,4
Argentina,Mexico,[],19 July 1930,15:00,1930,6,3,9
Chile,France,[],19 July 1930,12:50,1930,1,0,1
Chile,Mexico,[],16 July 1930,14:45,1930,3,0,3
Argentina,France,[],15 July 1930,16:00,1930,1,0,1
Brazil,Bolivia,[],20 July 1930,13:00,1930,4,0,4
Italy,Spain,[],31 May 1934,16:30,1934,1,1,2
Italy,Czechoslovakia,[],10 June 1934,15:30,1934,2,1,3
Germany,Austria,[],7 June 1934,18:00,1934,3,2,5
Italy,Austria,[],3 June 1934,16:30,1934,1,0,1
Italy,Spain,[],1 June 1934,16:30,1934,1,0,1
Czechoslovakia,Switzerland,[],31 May 1934,16:30,1934,3,2,5
Germany,Sweden,[],31 May 1934,16:30,1934,2,1,3
Austria,Hungary,[],31 May 1934,16:30,1934,2,1,3
Czechoslovakia,Germany,[],3 June 1934,16:30,1934,3,1,4
Austria,France,[],27 May 1934,16:00,1934,3,2,5
Sweden,Argentina,[],27 May 1934,16:00,1934,3,2,5
Czechoslovakia,Romania,[],27 May 1934,16:00,1934,2,1,3
Italy,United States,[],27 May 1934,16:00,1934,7,1,8
Switzerland,Netherlands,[],27 May 1934,16:00,1934,3,2,5
Hungary,Egypt,[],27 May 1934,16:00,1934,4,2,6
Spain,Brazil,[],27 May 1934,16:00,1934,3,1,4
Germany,Belgium,[],27 May 1934,16:00,1934,5,2,7
Sweden,Cuba,[],12 June 1938,17:00,1938,8,0,8
Italy,France,[],12 June 1938,17:00,1938,3,1,4
Brazil,Czechoslovakia,[],12 June 1938,17:00,1938,1,1,2
Brazil,Sweden,[],19 June 1938,17:00,1938,4,2,6
Hungary,Sweden,[],16 June 1938,18:00,1938,5,1,6
Italy,Brazil,[],16 June 1938,18:00,1938,2,1,3
Italy,Hungary,[],19 June 1938,15:00,1938,4,2,6
Brazil,Czechoslovakia,[],14 June 1938,18:00,1938,2,1,3
Cuba,Romania,[],9 June 1938,18:00,1938,2,1,3
Hungary,Switzerland,[],12 June 1938,17:00,1938,2,0,2
Czechoslovakia,Netherlands,[],5 June 1938,18:30,1938,3,0,3
Brazil,Poland,[],5 June 1938,17:30,1938,6,5,11
Italy,Norway,[],5 June 1938,17:00,1938,2,1,3
France,Belgium,[],5 June 1938,17:00,1938,3,1,4
Cuba,Romania,[],5 June 1938,17:00,1938,3,3,6
Hungary,Dutch East Indies,[],5 June 1938,17:00,1938,6,0,6
Switzerland,Germany,[],4 June 1938,17:00,1938,1,1,2
Switzerland,Germany,[],9 June 1938,18:00,1938,4,2,6
Sweden,Paraguay,[],29 June 1950,15:30,1950,2,2,4
Italy,Paraguay,[],2 July 1950,15:00,1950,2,0,2
Uruguay,Bolivia,[],2 July 1950,15:00,1950,8,0,8
Uruguay,Spain,[],9 July 1950,15:00,1950,2,2,4
Uruguay,Brazil,[],16 July 1950,15:00,1950,2,1,3
Brazil,Spain,[],13 July 1950,15:00,1950,6,1,7
Uruguay,Sweden,[],13 July 1950,15:00,1950,3,2,5
Sweden,Spain,[],16 July 1950,15:00,1950,3,1,4
Sweden,Italy,[],25 June 1950,15:00,1950,3,2,5
Brazil,Sweden,[],9 July 1950,15:00,1950,7,1,8
Chile,United States,[],2 July 1950,15:00,1950,5,2,7
Switzerland,Mexico,[],2 July 1950,15:40,1950,2,1,3
United States,England,[],29 June 1950,15:00,1950,1,0,1
Spain,Chile,[],29 June 1950,15:00,1950,2,0,2
Spain,United States,[],25 June 1950,15:00,1950,3,1,4
England,Chile,[],25 June 1950,15:00,1950,2,0,2
Brazil,Yugoslavia,[],1 July 1950,15:00,1950,2,0,2
Yugoslavia,Mexico,[],28 June 1950,15:00,1950,4,1,5
Brazil,Switzerland,[],28 June 1950,15:00,1950,2,2,4
Yugoslavia,Switzerland,[],25 June 1950,15:00,1950,3,0,3
Brazil,Mexico,[],24 June 1950,15:00,1950,4,0,4
Spain,England,[],2 July 1950,15:00,1950,1,0,1
Italy,Belgium,[],20 June 1954,17:00,1954,4,1,5
Switzerland,Italy,[],23 June 1954,18:00,1954,4,1,5
Austria,Switzerland,[],26 June 1954,17:00,1954,7,5,12
Uruguay,England,[],26 June 1954,17:00,1954,4,2,6
Austria,Uruguay,[],3 July 1954,17:00,1954,3,1,4
Hungary,Brazil,[],27 June 1954,17:00,1954,4,2,6
West Germany,Austria,[],30 June 1954,18:00,1954,6,1,7
Hungary,Uruguay,[],30 June 1954,18:00,1954,4,2,6
England,Belgium,[],17 June 1954,18:10,1954,4,4,8
West Germany,Hungary,[],4 July 1954,17:00,1954,3,2,5
West Germany,Yugoslavia,[],27 June 1954,17:00,1954,2,0,2
Switzerland,Italy,[],17 June 1954,17:50,1954,2,1,3
England,Switzerland,[],20 June 1954,17:10,1954,2,0,2
Uruguay,Scotland,[],19 June 1954,16:50,1954,7,0,7
Austria,Czechoslovakia,[],19 June 1954,17:00,1954,5,0,5
Brazil,Mexico,[],16 June 1954,18:00,1954,5,0,5
Yugoslavia,France,[],16 June 1954,18:00,1954,1,0,1
France,Mexico,[],19 June 1954,17:10,1954,3,2,5
West Germany,Turkey,[],17 June 1954,18:00,1954,4,1,5
Brazil,Yugoslavia,[],19 June 1954,17:00,1954,1,1,2
Hungary,West Germany,[],20 June 1954,16:50,1954,8,3,11
Turkey,South Korea,[],20 June 1954,17:00,1954,7,0,7
West Germany,Turkey,[],23 June 1954,18:00,1954,7,2,9
Uruguay,Czechoslovakia,[],16 June 1954,18:00,1954,2,0,2
Austria,Scotland,[],16 June 1954,18:00,1954,1,0,1
Hungary,South Korea,[],17 June 1954,18:00,1954,9,0,9
Brazil,Soviet Union,[],15 June 1958,19:00,1958,2,0,2
Brazil,Austria,[],8 June 1958,19:00,1958,3,0,3
Soviet Union,England,[],8 June 1958,19:00,1958,2,2,4
Brazil,England,[],11 June 1958,19:00,1958,0,0,0
Soviet Union,Austria,[],11 June 1958,19:00,1958,2,0,2
England,Austria,[],15 June 1958,19:00,1958,2,2,4
Soviet Union,England,[],17 June 1958,19:00,1958,1,0,1
France,West Germany,[],28 June 1958,17:00,1958,6,3,9
France,Northern Ireland,[],19 June 1958,19:00,1958,4,0,4
Sweden,Soviet Union,[],19 June 1958,19:00,1958,2,0,2
West Germany,Yugoslavia,[],19 June 1958,19:00,1958,1,0,1
Brazil,France,[],24 June 1958,19:00,1958,5,2,7
Sweden,West Germany,[],24 June 1958,19:00,1958,3,1,4
Brazil,Sweden,[],29 June 1958,15:00,1958,5,2,7
Wales,Hungary,[],17 June 1958,19:00,1958,2,1,3
Brazil,Wales,[],19 June 1958,19:00,1958,1,0,1
Hungary,Mexico,[],15 June 1958,19:00,1958,4,0,4
Czechoslovakia,Argentina,[],15 June 1958,19:00,1958,6,1,7
Sweden,Hungary,[],12 June 1958,19:00,1958,2,1,3
Sweden,Wales,[],15 June 1958,14:00,1958,0,0,0
Argentina,West Germany,[],8 June 1958,19:00,1958,1,3,4
West Germany,Czechoslovakia,[],11 June 1958,19:00,1958,2,2,4
Argentina,Northern Ireland,[],11 June 1958,19:00,1958,3,1,4
West Germany,Northern Ireland,[],15 June 1958,19:00,1958,2,2,4
Northern Ireland,Czechoslovakia,[],17 June 1958,19:00,1958,2,1,3
France,Paraguay,[],8 June 1958,19:00,1958,7,3,10
Northern Ireland,Czechoslovakia,[],8 June 1958,19:00,1958,1,0,1
Yugoslavia,France,[],11 June 1958,19:00,1958,3,2,5
Paraguay,Scotland,[],11 June 1958,19:00,1958,3,2,5
France,Scotland,[],15 June 1958,19:00,1958,2,1,3
Paraguay,Yugoslavia,[],15 June 1958,19:00,1958,3,3,6
Sweden,Mexico,[],8 June 1958,14:00,1958,3,0,3
Hungary,Wales,[],8 June 1958,19:00,1958,1,1,2
Mexico,Wales,[],11 June 1958,19:00,1958,1,1,2
Yugoslavia,Scotland,[],8 June 1958,19:00,1958,1,1,2
Argentina,Bulgaria,[],30 May 1962,15:00,1962,1,0,1
Hungary,England,[],31 May 1962,15:00,1962,2,1,3
England,Argentina,[],2 June 1962,15:00,1962,3,1,4
Hungary,Bulgaria,[],3 June 1962,15:00,1962,6,1,7
Hungary,Argentina,[],6 June 1962,15:00,1962,0,0,0
England,Bulgaria,[],7 June 1962,15:00,1962,0,0,0
Yugoslavia,West Germany,[],10 June 1962,14:30,1962,1,0,1
Czechoslovakia,Hungary,[],10 June 1962,14:30,1962,1,0,1
Brazil,England,[],10 June 1962,14:30,1962,3,1,4
Czechoslovakia,Yugoslavia,[],13 June 1962,14:30,1962,3,1,4
Brazil,Chile,[],13 June 1962,14:30,1962,4,2,6
Mexico,Czechoslovakia,[],7 June 1962,15:00,1962,3,1,4
Brazil,Czechoslovakia,[],17 June 1962,14:30,1962,3,1,4
Chile,Soviet Union,[],10 June 1962,14:30,1962,2,1,3
Brazil,Spain,[],6 June 1962,15:00,1962,2,1,3
Chile,Yugoslavia,[],16 June 1962,14:30,1962,1,0,1
Brazil,Czechoslovakia,[],2 June 1962,15:00,1962,0,0,0
Uruguay,Colombia,[],30 May 1962,15:00,1962,2,1,3
Soviet Union,Yugoslavia,[],31 May 1962,15:00,1962,2,0,2
Yugoslavia,Uruguay,[],2 June 1962,15:00,1962,3,1,4
Soviet Union,Colombia,[],3 June 1962,15:00,1962,4,4,8
Soviet Union,Uruguay,[],6 June 1962,15:00,1962,2,1,3
Yugoslavia,Colombia,[],7 June 1962,15:00,1962,5,0,5
Chile,Switzerland,[],30 May 1962,15:00,1962,3,1,4
Spain,Mexico,[],3 June 1962,15:00,1962,1,0,1
Chile,Italy,[],2 June 1962,15:00,1962,2,0,2
West Germany,Switzerland,[],3 June 1962,15:00,1962,2,1,3
West Germany,Chile,[],6 June 1962,15:00,1962,2,0,2
Italy,Switzerland,[],7 June 1962,15:00,1962,3,0,3
Brazil,Mexico,[],30 May 1962,15:00,1962,2,0,2
Czechoslovakia,Spain,[],31 May 1962,15:00,1962,1,0,1
West Germany,Italy,[],31 May 1962,15:00,1962,0,0,0
Hungary,Bulgaria,[],20 July 1966,19:30,1966,3,1,4
Soviet Union,North Korea,[],12 July 1966,19:30,1966,3,0,3
Italy,Chile,[],13 July 1966,19:30,1966,2,0,2
Chile,North Korea,[],15 July 1966,19:30,1966,1,1,2
Soviet Union,Italy,[],16 July 1966,15:00,1966,1,0,1
North Korea,Italy,[],19 July 1966,19:30,1966,1,0,1
Soviet Union,Chile,[],20 July 1966,19:30,1966,2,1,3
Soviet Union,Hungary,[],23 July 1966,15:00,1966,2,1,3
West Germany,Uruguay,[],23 July 1966,15:00,1966,4,0,4
Portugal,North Korea,[],23 July 1966,15:00,1966,5,3,8
West Germany,Soviet Union,[],25 July 1966,19:30,1966,2,1,3
England,Portugal,[],26 July 1966,19:30,1966,2,1,3
Portugal,Soviet Union,[],28 July 1966,19:30,1966,2,1,3
Portugal,Brazil,[],19 July 1966,19:30,1966,3,1,4
England,Argentina,[],23 July 1966,15:00,1966,1,0,1
England,West Germany,[],30 July 1966,15:00,1966,4,2,6
Portugal,Bulgaria,[],16 July 1966,15:00,1966,3,0,3
Portugal,Hungary,[],13 July 1966,19:30,1966,3,1,4
Hungary,Brazil,[],15 July 1966,19:30,1966,3,1,4
England,Uruguay,[],11 July 1966,19:30,1966,0,0,0
France,Mexico,[],13 July 1966,19:30,1966,1,1,2
Uruguay,France,[],15 July 1966,19:30,1966,2,1,3
Mexico,Uruguay,[],19 July 1966,16:30,1966,0,0,0
England,France,[],20 July 1966,19:30,1966,2,0,2
England,Mexico,[],16 July 1966,19:30,1966,2,0,2
Argentina,Spain,[],13 July 1966,19:30,1966,2,1,3
Spain,Switzerland,[],15 July 1966,19:30,1966,2,1,3
Argentina,West Germany,[],16 July 1966,15:00,1966,0,0,0
Argentina,Switzerland,[],19 July 1966,19:30,1966,2,0,2
West Germany,Spain,[],20 July 1966,19:30,1966,2,1,3
Brazil,Bulgaria,[],12 July 1966,19:30,1966,2,0,2
West Germany,Switzerland,[],12 July 1966,19:30,1966,5,0,5
West Germany,Peru,[],10 June 1970,16:00,1970,3,1,4
Peru,Bulgaria,[],2 June 1970,16:00,1970,3,2,5
West Germany,Morocco,[],3 June 1970,16:00,1970,2,1,3
Peru,Morocco,[],6 June 1970,16:00,1970,3,0,3
West Germany,Bulgaria,[],7 June 1970,12:00,1970,5,2,7
Bulgaria,Morocco,[],11 June 1970,16:00,1970,1,1,2
England,Czechoslovakia,[],11 June 1970,16:00,1970,1,0,1
Brazil,Peru,[],14 June 1970,12:00,1970,4,2,6
West Germany,England,[],14 June 1970,12:00,1970,3,2,5
Uruguay,Brazil,[],17 June 1970,16:00,1970,1,3,4
Italy,West Germany,[],17 June 1970,16:00,1970,4,3,7
Uruguay,West Germany,[],20 June 1970,16:00,1970,0,1,1
Brazil,Italy,[],21 June 1970,12:00,1970,4,1,5
Soviet Union,Uruguay,[],14 June 1970,12:00,1970,0,1,1
Brazil,Romania,[],10 June 1970,16:00,1970,3,2,5
Italy,Mexico,[],14 June 1970,12:00,1970,4,1,5
Romania,Czechoslovakia,[],6 June 1970,16:00,1970,2,1,3
Mexico,Soviet Union,[],31 May 1970,12:00,1970,0,0,0
Belgium,El Salvador,[],3 June 1970,16:00,1970,3,0,3
Soviet Union,Belgium,[],6 June 1970,16:00,1970,4,1,5
Mexico,El Salvador,[],7 June 1970,12:00,1970,4,0,4
Soviet Union,El Salvador,[],10 June 1970,16:00,1970,2,0,2
Mexico,Belgium,[],11 June 1970,16:00,1970,1,0,1
Uruguay,Israel,[],2 June 1970,16:00,1970,2,0,2
Brazil,England,[],7 June 1970,12:00,1970,1,0,1
Italy,Sweden,[],3 June 1970,16:00,1970,1,0,1
Uruguay,Italy,[],6 June 1970,16:00,1970,0,0,0
Sweden,Israel,[],7 June 1970,12:00,1970,1,1,2
Sweden,Uruguay,[],10 June 1970,16:00,1970,1,0,1
Italy,Israel,[],11 June 1970,16:00,1970,0,0,0
England,Romania,[],2 June 1970,16:00,1970,1,0,1
Brazil,Czechoslovakia,[],3 June 1970,16:00,1970,4,1,5
Haiti,Poland,[],19 June 1974,19:30,1974,0,7,7
Argentina,Haiti,[],23 June 1974,16:00,1974,4,1,5
Poland,Italy,[],23 June 1974,16:00,1974,2,1,3
Brazil,East Germany,[],26 June 1974,19:30,1974,1,0,1
Argentina,Brazil,[],30 June 1974,16:00,1974,1,2,3
East Germany,Netherlands,[],30 June 1974,16:00,1974,0,2,2
Argentina,East Germany,[],3 July 1974,19:30,1974,1,1,2
Netherlands,Brazil,[],3 July 1974,19:30,1974,2,0,2
Poland,Yugoslavia,[],30 June 1974,16:00,1974,2,1,3
Sweden,Poland,[],26 June 1974,19:30,1974,0,1,1
Argentina,Italy,[],19 June 1974,19:30,1974,1,1,2
West Germany,Sweden,[],30 June 1974,19:30,1974,4,2,6
Poland,West Germany,[],3 July 1974,16:35,1974,0,1,1
Sweden,Yugoslavia,[],3 July 1974,19:30,1974,2,1,3
Brazil,Poland,[],6 July 1974,16:00,1974,0,1,1
Netherlands,West Germany,[],7 July 1974,16:00,1974,1,2,3
Yugoslavia,West Germany,[],26 June 1974,16:00,1974,0,2,2
Italy,Haiti,[],15 June 1974,18:00,1974,3,1,4
Netherlands,Argentina,[],26 June 1974,19:30,1974,4,0,4
East Germany,West Germany,[],22 June 1974,19:30,1974,1,0,1
West Germany,Chile,[],14 June 1974,16:00,1974,1,0,1
East Germany,Australia,[],14 June 1974,19:30,1974,2,0,2
Australia,West Germany,[],18 June 1974,16:00,1974,0,3,3
Chile,East Germany,[],18 June 1974,19:30,1974,1,1,2
Australia,Chile,[],22 June 1974,16:00,1974,0,0,0
Sweden,Uruguay,[],23 June 1974,16:00,1974,3,0,3
Brazil,Yugoslavia,[],13 June 1974,17:00,1974,0,0,0
Zaire,Scotland,[],14 June 1974,19:30,1974,0,2,2
Yugoslavia,Zaire,[],18 June 1974,19:30,1974,9,0,9
Poland,Argentina,[],15 June 1974,18:00,1974,3,2,5
Scotland,Yugoslavia,[],22 June 1974,16:00,1974,1,1,2
Zaire,Brazil,[],22 June 1974,16:00,1974,0,3,3
Uruguay,Netherlands,[],15 June 1974,16:00,1974,0,2,2
Sweden,Bulgaria,[],15 June 1974,16:00,1974,0,0,0
Bulgaria,Uruguay,[],19 June 1974,19:30,1974,1,1,2
Netherlands,Sweden,[],19 June 1974,19:30,1974,0,0,0
Bulgaria,Netherlands,[],23 June 1974,16:00,1974,1,4,5
Scotland,Brazil,[],18 June 1974,19:30,1974,0,0,0
Peru,Iran,[],11 June 1978,16:45,1978,4,1,5
Scotland,Netherlands,[],11 June 1978,16:45,1978,3,2,5
Austria,Netherlands,[],14 June 1978,13:45,1978,1,5,6
Italy,West Germany,[],14 June 1978,13:45,1978,0,0,0
Netherlands,West Germany,[],18 June 1978,16:45,1978,2,2,4
Italy,Austria,[],18 June 1978,16:45,1978,1,0,1
Austria,West Germany,[],21 June 1978,13:45,1978,3,2,5
Italy,Netherlands,[],21 June 1978,13:45,1978,1,2,3
West Germany,Mexico,[],6 June 1978,16:45,1978,6,0,6
Argentina,Poland,[],14 June 1978,19:15,1978,2,0,2
Peru,Poland,[],18 June 1978,13:45,1978,0,1,1
Argentina,Brazil,[],18 June 1978,19:15,1978,0,0,0
Brazil,Poland,[],21 June 1978,16:45,1978,3,1,4
Argentina,Peru,[],21 June 1978,19:15,1978,6,0,6
Brazil,Italy,[],24 June 1978,15:00,1978,2,1,3
Argentina,Netherlands,[],25 June 1978,15:00,1978,3,1,4
Netherlands,Peru,[],7 June 1978,16:45,1978,0,0,0
Brazil,Peru,[],14 June 1978,16:45,1978,3,0,3
Scotland,Iran,[],7 June 1978,16:45,1978,1,1,2
France,Hungary,[],10 June 1978,14:30,1978,3,1,4
Peru,Scotland,[],3 June 1978,16:45,1978,3,1,4
Netherlands,Iran,[],3 June 1978,16:45,1978,3,0,3
Italy,France,[],2 June 1978,13:45,1978,2,1,3
Argentina,Hungary,[],2 June 1978,19:15,1978,2,1,3
Italy,Hungary,[],6 June 1978,13:45,1978,3,1,4
Argentina,Italy,[],10 June 1978,19:15,1978,0,1,1
West Germany,Poland,[],1 June 1978,15:00,1978,0,0,0
Tunisia,Mexico,[],2 June 1978,16:45,1978,3,1,4
Poland,Tunisia,[],6 June 1978,16:45,1978,1,0,1
Argentina,France,[],6 June 1978,19:15,1978,2,1,3
Poland,Mexico,[],10 June 1978,16:45,1978,3,1,4
Austria,Spain,[],3 June 1978,13:45,1978,2,1,3
Brazil,Sweden,[],3 June 1978,13:45,1978,1,1,2
Austria,Sweden,[],7 June 1978,13:45,1978,1,0,1
Brazil,Spain,[],7 June 1978,13:45,1978,0,0,0
Spain,Sweden,[],11 June 1978,13:45,1978,1,0,1
West Germany,Tunisia,[],10 June 1978,16:45,1978,0,0,0
Brazil,Austria,[],11 June 1978,13:45,1978,1,0,1
Poland,Belgium,[],28 June 1982,21:00,1982,3,0,3
Brazil,New Zealand,[],23 June 1982,21:00,1982,4,0,4
Soviet Union,Scotland,[],22 June 1982,21:00,1982,2,2,4
Soviet Union,New Zealand,[],19 June 1982,21:00,1982,3,0,3
Brazil,Soviet Union,[],14 June 1982,21:00,1982,2,1,3
Scotland,New Zealand,[],15 June 1982,21:00,1982,5,2,7
Spain,Northern Ireland,[],25 June 1982,21:00,1982,0,1,1
Belgium,Soviet Union,[],1 July 1982,21:00,1982,0,1,1
Honduras,Yugoslavia,[],24 June 1982,21:00,1982,0,1,1
Brazil,Scotland,[],18 June 1982,21:00,1982,4,1,5
Soviet Union,Poland,[],4 July 1982,21:00,1982,0,0,0
France,Northern Ireland,[],4 July 1982,17:15,1982,4,1,5
West Germany,Spain,[],2 July 1982,21:00,1982,2,1,3
Spain,England,[],5 July 1982,21:00,1982,0,0,0
Italy,Argentina,[],29 June 1982,17:15,1982,2,1,3
Argentina,Brazil,[],2 July 1982,17:15,1982,1,3,4
Italy,Brazil,[],5 July 1982,17:15,1982,3,2,5
Austria,France,[],28 June 1982,17:15,1982,0,1,1
Austria,Northern Ireland,[],1 July 1982,17:15,1982,2,2,4
Poland,Italy,[],8 July 1982,17:15,1982,0,2,2
West Germany,France,['5–4'],8 July 1982,21:00,1982,3,3,6
Poland,France,[],10 July 1982,20:00,1982,3,2,5
Honduras,Northern Ireland,[],21 June 1982,21:00,1982,1,1,2
West Germany,England,[],29 June 1982,21:00,1982,0,0,0
Italy,West Germany,[],11 July 1982,20:00,1982,3,1,4
Spain,Yugoslavia,[],20 June 1982,21:00,1982,2,1,3
Spain,Honduras,[],16 June 1982,21:00,1982,1,1,2
Yugoslavia,Northern Ireland,[],17 June 1982,21:00,1982,0,0,0
Italy,Poland,[],14 June 1982,17:15,1982,0,0,0
Peru,Cameroon,[],15 June 1982,17:15,1982,0,0,0
Italy,Peru,[],18 June 1982,17:15,1982,1,1,2
Poland,Cameroon,[],19 June 1982,17:15,1982,0,0,0
Poland,Peru,[],22 June 1982,17:15,1982,5,1,6
Italy,Cameroon,[],23 June 1982,17:15,1982,1,1,2
Chile,Austria,[],17 June 1982,17:15,1982,0,1,1
West Germany,Chile,[],20 June 1982,17:15,1982,4,1,5
Algeria,Austria,[],21 June 1982,17:15,1982,0,2,2
Algeria,Chile,[],24 June 1982,17:15,1982,3,2,5
West Germany,Austria,[],25 June 1982,17:15,1982,1,0,1
West Germany,Algeria,[],16 June 1982,17:15,1982,1,2,3
Hungary,El Salvador,[],15 June 1982,21:00,1982,1,0,1
Argentina,Hungary,[],18 June 1982,21:00,1982,4,1,5
Belgium,El Salvador,[],19 June 1982,21:00,1982,1,0,1
Belgium,Hungary,[],22 June 1982,21:00,1982,1,1,2
Argentina,El Salvador,[],23 June 1982,21:00,1982,2,0,2
England,France,[],16 June 1982,17:15,1982,3,1,4
Czechoslovakia,Kuwait,[],17 June 1982,17:15,1982,1,1,2
England,Czechoslovakia,[],20 June 1982,17:15,1982,2,0,2
France,Kuwait,[],21 June 1982,17:15,1982,4,1,5
France,Czechoslovakia,[],24 June 1982,17:15,1982,1,1,2
Argentina,Belgium,[],13 June 1982,20:00,1982,0,1,1
England,Kuwait,[],25 June 1982,17:15,1982,1,0,1
Soviet Union,Belgium,[],15 June 1986,16:00,1986,3,4,7
Mexico,Bulgaria,[],15 June 1986,12:00,1986,2,0,2
Portugal,Morocco,[],11 June 1986,16:00,1986,1,3,4
England,Poland,[],11 June 1986,16:00,1986,3,0,3
Denmark,West Germany,[],13 June 1986,12:00,1986,2,0,2
Portugal,England,[],3 June 1986,16:00,1986,1,0,1
Morocco,Poland,[],2 June 1986,16:00,1986,0,0,0
Scotland,Uruguay,[],13 June 1986,12:00,1986,0,0,0
Brazil,Poland,[],16 June 1986,12:00,1986,4,0,4
England,Morocco,[],6 June 1986,16:00,1986,0,0,0
Argentina,Uruguay,[],16 June 1986,16:00,1986,1,0,1
Argentina,West Germany,[],29 June 1986,12:00,1986,3,2,5
Morocco,West Germany,[],17 June 1986,16:00,1986,0,1,1
England,Paraguay,[],18 June 1986,12:00,1986,3,0,3
Denmark,Spain,[],18 June 1986,16:00,1986,1,5,6
Brazil,France,['3–4'],21 June 1986,12:00,1986,1,1,2
West Germany,Mexico,['4–1'],21 June 1986,16:00,1986,0,0,0
Argentina,England,[],22 June 1986,12:00,1986,2,1,3
Spain,Belgium,['4–5'],22 June 1986,16:00,1986,1,1,2
France,West Germany,[],25 June 1986,12:00,1986,0,2,2
Argentina,Belgium,[],25 June 1986,16:00,1986,2,0,2
Belgium,France,[],28 June 1986,12:00,1986,2,4,6
Denmark,Uruguay,[],8 June 1986,16:00,1986,6,1,7
Italy,France,[],17 June 1986,12:00,1986,0,2,2
West Germany,Scotland,[],8 June 1986,12:00,1986,2,1,3
Poland,Portugal,[],7 June 1986,16:00,1986,1,0,1
Uruguay,West Germany,[],4 June 1986,12:00,1986,1,1,2
Bulgaria,Italy,[],31 May 1986,12:00,1986,1,1,2
Argentina,South Korea,[],2 June 1986,12:00,1986,3,1,4
Italy,Argentina,[],5 June 1986,12:00,1986,1,1,2
South Korea,Bulgaria,[],5 June 1986,16:00,1986,1,1,2
South Korea,Italy,[],10 June 1986,12:00,1986,2,3,5
Argentina,Bulgaria,[],10 June 1986,12:00,1986,2,0,2
Belgium,Mexico,[],3 June 1986,12:00,1986,1,2,3
Paraguay,Iraq,[],4 June 1986,12:00,1986,1,0,1
Iraq,Belgium,[],8 June 1986,12:00,1986,1,2,3
Paraguay,Belgium,[],11 June 1986,12:00,1986,2,2,4
Iraq,Mexico,[],11 June 1986,12:00,1986,0,1,1
Mexico,Paraguay,[],7 June 1986,12:00,1986,1,1,2
Soviet Union,Hungary,[],2 June 1986,12:00,1986,6,0,6
Algeria,Spain,[],12 June 1986,12:00,1986,0,3,3
Canada,France,[],1 June 1986,16:00,1986,0,1,1
Northern Ireland,Spain,[],7 June 1986,12:00,1986,1,2,3
Brazil,Algeria,[],6 June 1986,12:00,1986,1,0,1
Algeria,Northern Ireland,[],3 June 1986,12:00,1986,1,1,2
Northern Ireland,Brazil,[],12 June 1986,12:00,1986,0,3,3
Soviet Union,Canada,[],9 June 1986,12:00,1986,2,0,2
Hungary,France,[],9 June 1986,12:00,1986,0,3,3
Hungary,Canada,[],6 June 1986,12:00,1986,2,0,2
France,Soviet Union,[],5 June 1986,12:00,1986,1,1,2
Spain,Brazil,[],1 June 1986,12:00,1986,0,1,1
Scotland,Denmark,[],4 June 1986,16:00,1986,0,1,1
Argentina,Yugoslavia,['3–2'],30 June 1990,17:00,1990,0,0,0
West Germany,Argentina,[],8 July 1990,20:00,1990,1,0,1
Italy,England,[],7 July 1990,20:00,1990,2,1,3
West Germany,England,['4–3'],4 July 1990,20:00,1990,1,1,2
Argentina,Italy,['4–3'],3 July 1990,20:00,1990,1,1,2
Cameroon,England,[],1 July 1990,21:00,1990,2,3,5
Czechoslovakia,West Germany,[],1 July 1990,17:00,1990,0,1,1
Republic of Ireland,Italy,[],30 June 1990,21:00,1990,0,1,1
England,Belgium,[],26 June 1990,21:00,1990,1,0,1
Italy,Uruguay,[],25 June 1990,21:00,1990,2,0,2
Republic of Ireland,Romania,['5–4'],25 June 1990,17:00,1990,0,0,0
West Germany,Netherlands,[],24 June 1990,21:00,1990,2,1,3
Brazil,Argentina,[],24 June 1990,17:00,1990,0,1,1
Czechoslovakia,Costa Rica,[],23 June 1990,21:00,1990,4,1,5
Cameroon,Colombia,[],23 June 1990,17:00,1990,2,1,3
Spain,Yugoslavia,[],26 June 1990,17:00,1990,1,2,3
Spain,Switzerland,[], , ,1994,3,0,3
Germany,Belgium,[], , ,1994,3,2,5
Belgium,Saudi Arabia,[], , ,1994,0,1,1
Saudi Arabia,Morocco,[], , ,1994,2,1,3
Belgium,Morocco,[], , ,1994,1,0,1
Netherlands,Saudi Arabia,[], , ,1994,2,1,3
Saudi Arabia,Sweden,[], , ,1994,1,3,4
Republic of Ireland,Norway,[], , ,1994,0,0,0
Italy,Mexico,[], , ,1994,1,1,2
Belgium,Netherlands,[], , ,1994,1,0,1
Romania,Argentina,[], , ,1994,3,2,5
Mexico,Bulgaria,['1–3'], , ,1994,1,1,2
Brazil,United States,[], , ,1994,1,0,1
Nigeria,Italy,[], , ,1994,1,2,3
Italy,Spain,[], , ,1994,2,1,3
Netherlands,Brazil,[], , ,1994,2,3,5
Bulgaria,Germany,[], , ,1994,2,1,3
Romania,Sweden,['4–5'], , ,1994,2,2,4
Bulgaria,Italy,[], , ,1994,1,2,3
Sweden,Brazil,[], , ,1994,0,1,1
Sweden,Bulgaria,[], , ,1994,4,0,4
Brazil,Italy,['3–2'], , ,1994,0,0,0
Mexico,Republic of Ireland,[], , ,1994,2,1,3
Netherlands,Republic of Ireland,[], , ,1994,2,0,2
Italy,Norway,[], , ,1994,1,0,1
Morocco,Netherlands,[], , ,1994,1,2,3
Italy,Republic of Ireland,[], , ,1994,0,1,1
United States,Switzerland,[], , ,1994,1,1,2
Colombia,Romania,[], , ,1994,1,3,4
Romania,Switzerland,[], , ,1994,1,4,5
United States,Colombia,[], , ,1994,2,1,3
Switzerland,Colombia,[], , ,1994,0,2,2
United States,Romania,[], , ,1994,0,1,1
Brazil,Russia,[], , ,1994,2,0,2
Brazil,Cameroon,[], , ,1994,3,0,3
Sweden,Russia,[], , ,1994,3,1,4
Russia,Cameroon,[], , ,1994,6,1,7
Brazil,Sweden,[], , ,1994,1,1,2
Germany,Bolivia,[], , ,1994,1,0,1
Cameroon,Sweden,[], , ,1994,2,2,4
Germany,Spain,[], , ,1994,1,1,2
Spain,South Korea,[], , ,1994,2,2,4
Greece,Nigeria,[], , ,1994,0,2,2
Argentina,Bulgaria,[], , ,1994,0,2,2
Bulgaria,Greece,[], , ,1994,4,0,4
Nigeria,Bulgaria,[], , ,1994,3,0,3
Argentina,Nigeria,[], , ,1994,2,1,3
Germany,South Korea,[], , ,1994,3,2,5
Bolivia,Spain,[], , ,1994,1,3,4
Norway,Mexico,[], , ,1994,1,0,1
South Korea,Bolivia,[], , ,1994,0,0,0
Argentina,Greece,[], , ,1994,4,0,4
Argentina,Croatia,[],26 June 1998,16:00,1998,1,0,1
Argentina,Japan,[],14 June 1998,14:30,1998,1,0,1
Argentina,Jamaica,[],21 June 1998,17:30,1998,5,0,5
Japan,Croatia,[],20 June 1998,14:30,1998,0,1,1
Jamaica,Croatia,[],14 June 1998,21:00,1998,1,3,4
Romania,Tunisia,[],26 June 1998,21:00,1998,1,1,2
United States,FR Yugoslavia,[],25 June 1998,21:00,1998,0,1,1
Romania,England,[],22 June 1998,21:00,1998,2,1,3
Colombia,Tunisia,[],22 June 1998,17:30,1998,1,0,1
Romania,Colombia,[],15 June 1998,17:30,1998,1,0,1
England,Tunisia,[],15 June 1998,14:30,1998,2,0,2
Japan,Jamaica,[],26 June 1998,16:00,1998,1,2,3
Colombia,England,[],26 June 1998,21:00,1998,0,2,2
Italy,Norway,[],27 June 1998,16:30,1998,1,0,1
France,Croatia,[],8 July 1998,21:00,1998,2,1,3
France,Paraguay,[],28 June 1998,16:30,1998,1,0,1
Nigeria,Denmark,[],28 June 1998,21:00,1998,1,4,5
Germany,Mexico,[],29 June 1998,16:30,1998,2,1,3
Netherlands,FR Yugoslavia,[],29 June 1998,21:00,1998,2,1,3
Romania,Croatia,[],30 June 1998,16:30,1998,0,1,1
Argentina,England,['4–3'],30 June 1998,21:00,1998,2,2,4
Italy,France,['3–4'],3 July 1998,16:30,1998,0,0,0
Brazil,Denmark,[],3 July 1998,21:00,1998,3,2,5
Netherlands,Argentina,[],4 July 1998,16:30,1998,2,1,3
Germany,Croatia,[],4 July 1998,21:00,1998,0,3,3
Brazil,Netherlands,['4–2'],7 July 1998,21:00,1998,1,1,2
United States,Iran,[],21 June 1998,21:00,1998,1,2,3
Netherlands,Croatia,[],11 July 1998,21:00,1998,1,2,3
Brazil,France,[],12 July 1998,21:00,1998,0,3,3
Brazil,Chile,[],27 June 1998,21:00,1998,4,1,5
Germany,FR Yugoslavia,[],21 June 1998,14:30,1998,2,2,4
Germany,Iran,[],25 June 1998,21:00,1998,2,0,2
FR Yugoslavia,Iran,[],14 June 1998,17:30,1998,1,0,1
Germany,United States,[],15 June 1998,21:00,1998,2,0,2
Morocco,Norway,[],10 June 1998,21:00,1998,2,2,4
Scotland,Norway,[],16 June 1998,17:30,1998,1,1,2
Brazil,Morocco,[],16 June 1998,21:00,1998,3,0,3
Scotland,Morocco,[],23 June 1998,21:00,1998,0,3,3
Brazil,Norway,[],23 June 1998,21:00,1998,1,2,3
Italy,Chile,[],11 June 1998,17:30,1998,2,2,4
Cameroon,Austria,[],11 June 1998,21:00,1998,1,1,2
Chile,Austria,[],17 June 1998,17:30,1998,1,1,2
Italy,Cameroon,[],17 June 1998,21:00,1998,3,0,3
Italy,Austria,[],23 June 1998,16:00,1998,2,1,3
Chile,Cameroon,[],23 June 1998,16:00,1998,1,1,2
Saudi Arabia,Denmark,[],12 June 1998,17:30,1998,0,1,1
France,South Africa,[],12 June 1998,21:00,1998,3,0,3
South Africa,Denmark,[],18 June 1998,17:30,1998,1,1,2
Brazil,Scotland,[],10 June 1998,17:30,1998,2,1,3
France,Denmark,[],24 June 1998,16:00,1998,2,1,3
France,Saudi Arabia,[],18 June 1998,21:00,1998,4,0,4
Netherlands,Mexico,[],25 June 1998,16:00,1998,2,2,4
Netherlands,South Korea,[],20 June 1998,21:00,1998,5,0,5
Belgium,Mexico,[],20 June 1998,17:30,1998,2,2,4
Netherlands,Belgium,[],13 June 1998,21:00,1998,0,0,0
South Korea,Mexico,[],13 June 1998,17:30,1998,1,3,4
Belgium,South Korea,[],25 June 1998,16:00,1998,1,1,2
Nigeria,Paraguay,[],24 June 1998,21:00,1998,1,3,4
Spain,Paraguay,[],19 June 1998,21:00,1998,0,0,0
Nigeria,Bulgaria,[],19 June 1998,17:30,1998,1,0,1
Spain,Nigeria,[],13 June 1998,14:30,1998,2,3,5
Paraguay,Bulgaria,[],12 June 1998,14:30,1998,0,0,0
South Africa,Saudi Arabia,[],24 June 1998,16:00,1998,2,2,4
Spain,Bulgaria,[],24 June 1998,21:00,1998,6,1,7
Tunisia,Japan,[],14 June 2002,15:30,2002,0,2,2
Tunisia,Belgium,[],10 June 2002,18:00,2002,1,1,2
Japan,Russia,[],9 June 2002,20:30,2002,1,0,1
Russia,Tunisia,[],5 June 2002,15:30,2002,2,0,2
Japan,Belgium,[],4 June 2002,18:00,2002,2,2,4
Mexico,Ecuador,[],9 June 2002,15:30,2002,2,1,3
Mexico,Italy,[],13 June 2002,20:30,2002,1,1,2
Italy,Croatia,[],8 June 2002,18:00,2002,1,2,3
Italy,Ecuador,[],3 June 2002,20:30,2002,2,0,2
Croatia,Mexico,[],3 June 2002,15:30,2002,0,1,1
Belgium,Russia,[],14 June 2002,15:30,2002,3,2,5
Nigeria,England,[],12 June 2002,15:30,2002,0,0,0
Ecuador,Croatia,[],13 June 2002,20:30,2002,1,0,1
Germany,Paraguay,[],15 June 2002,15:30,2002,1,0,1
England,Brazil,[],21 June 2002,15:30,2002,1,2,3
Sweden,Senegal,[],16 June 2002,15:30,2002,1,2,3
Spain,Republic of Ireland,['3–2'],16 June 2002,20:30,2002,1,1,2
Mexico,United States,[],17 June 2002,15:30,2002,0,2,2
Brazil,Belgium,[],17 June 2002,20:30,2002,2,0,2
Japan,Turkey,[],18 June 2002,15:30,2002,0,1,1
South Korea,Italy,[],18 June 2002,20:30,2002,2,1,3
Germany,United States,[],21 June 2002,20:30,2002,1,0,1
Spain,South Korea,['3–5'],22 June 2002,15:30,2002,0,0,0
Senegal,Turkey,[],22 June 2002,20:30,2002,0,1,1
Germany,South Korea,[],25 June 2002,20:30,2002,1,0,1
Brazil,Turkey,[],26 June 2002,20:30,2002,1,0,1
South Korea,Turkey,[],29 June 2002,20:00,2002,2,3,5
Germany,Brazil,[],30 June 2002,20:00,2002,0,2,2
Argentina,England,[],7 June 2002,20:30,2002,0,1,1
Denmark,England,[],15 June 2002,20:30,2002,0,3,3
Sweden,Nigeria,[],7 June 2002,15:30,2002,2,1,3
Sweden,Argentina,[],12 June 2002,15:30,2002,1,1,2
Argentina,Nigeria,[],2 June 2002,14:30,2002,1,0,1
Uruguay,Denmark,[],1 June 2002,18:00,2002,1,2,3
Denmark,Senegal,[],6 June 2002,15:30,2002,1,1,2
France,Uruguay,[],6 June 2002,20:30,2002,0,0,0
Denmark,France,[],11 June 2002,15:30,2002,2,0,2
Senegal,Uruguay,[],11 June 2002,15:30,2002,3,3,6
Paraguay,South Africa,[],2 June 2002,16:30,2002,2,2,4
Spain,Slovenia,[],2 June 2002,20:30,2002,3,1,4
Spain,Paraguay,[],7 June 2002,18:00,2002,3,1,4
South Africa,Slovenia,[],8 June 2002,15:30,2002,1,0,1
South Africa,Spain,[],12 June 2002,20:30,2002,2,3,5
Slovenia,Paraguay,[],12 June 2002,20:30,2002,1,3,4
Brazil,Turkey,[],3 June 2002,18:00,2002,2,1,3
China,Costa Rica,[],4 June 2002,15:30,2002,0,2,2
Brazil,China,[],8 June 2002,20:30,2002,4,0,4
Costa Rica,Turkey,[],9 June 2002,18:00,2002,1,1,2
France,Senegal,[],31 May 2002,20:30,2002,0,1,1
Turkey,China,[],13 June 2002,15:30,2002,3,0,3
Costa Rica,Brazil,[],13 June 2002,15:30,2002,2,5,7
Saudi Arabia,Republic of Ireland,[],11 June 2002,20:30,2002,0,3,3
Cameroon,Germany,[],11 June 2002,20:30,2002,0,2,2
Cameroon,Saudi Arabia,[],6 June 2002,18:00,2002,1,0,1
Germany,Republic of Ireland,[],5 June 2002,20:30,2002,1,1,2
Germany,Saudi Arabia,[],1 June 2002,20:30,2002,8,0,8
England,Sweden,[],2 June 2002,18:30,2002,1,1,2
Poland,United States,[],14 June 2002,20:30,2002,3,1,4
Portugal,South Korea,[],14 June 2002,20:30,2002,0,1,1
Portugal,Poland,[],10 June 2002,20:30,2002,4,0,4
South Korea,United States,[],10 June 2002,15:30,2002,1,1,2
Republic of Ireland,Cameroon,[],1 June 2002,15:30,2002,1,1,2
United States,Portugal,[],5 June 2002,18:00,2002,3,2,5
South Korea,Poland,[],4 June 2002,20:30,2002,2,0,2
Spain,Tunisia,[],19 June 2006,21:00,2006,3,1,4
Saudi Arabia,Ukraine,[],19 June 2006,18:00,2006,0,4,4
Tunisia,Saudi Arabia,[],14 June 2006,18:00,2006,2,2,4
Spain,Ukraine,[],14 June 2006,15:00,2006,4,0,4
Switzerland,South Korea,[],23 June 2006,21:00,2006,2,0,2
France,South Korea,[],18 June 2006,21:00,2006,1,1,2
Togo,Switzerland,[],19 June 2006,15:00,2006,0,2,2
Saudi Arabia,Spain,[],23 June 2006,16:00,2006,0,1,1
France,Switzerland,[],13 June 2006,18:00,2006,0,0,0
South Korea,Togo,[],13 June 2006,15:00,2006,2,1,3
Croatia,Australia,[],22 June 2006,21:00,2006,2,2,4
Japan,Brazil,[],22 June 2006,21:00,2006,1,4,5
Brazil,Australia,[],18 June 2006,18:00,2006,2,0,2
Togo,France,[],23 June 2006,21:00,2006,0,2,2
Ukraine,Tunisia,[],23 June 2006,16:00,2006,1,0,1
England,Ecuador,[],25 June 2006,17:00,2006,1,0,1
Argentina,Mexico,[],24 June 2006,21:00,2006,2,1,3
Portugal,Netherlands,[],25 June 2006,21:00,2006,1,0,1
Italy,Australia,[],26 June 2006,17:00,2006,1,0,1
Switzerland,Ukraine,['0–3'],26 June 2006,21:00,2006,0,0,0
Spain,France,[],27 June 2006,21:00,2006,1,3,4
Germany,Argentina,['4–2'],30 June 2006,17:00,2006,1,1,2
Italy,Ukraine,[],30 June 2006,21:00,2006,3,0,3
England,Portugal,['1–3'],1 July 2006,17:00,2006,0,0,0
Brazil,France,[],1 July 2006,21:00,2006,0,1,1
Germany,Italy,[],4 July 2006,21:00,2006,0,2,2
Portugal,France,[],5 July 2006,21:00,2006,0,1,1
Germany,Portugal,[],8 July 2006,21:00,2006,3,1,4
Japan,Croatia,[],18 June 2006,15:00,2006,0,0,0
Italy,France,['5–3'],9 July 2006,20:00,2006,1,1,2
Germany,Sweden,[],24 June 2006,17:00,2006,2,0,2
Brazil,Ghana,[],27 June 2006,17:00,2006,3,0,3
Brazil,Croatia,[],13 June 2006,21:00,2006,1,0,1
Ghana,United States,[],22 June 2006,16:00,2006,2,1,3
Australia,Japan,[],12 June 2006,15:00,2006,3,1,4
Germany,Costa Rica,[],9 June 2006,18:00,2006,4,2,6
Poland,Ecuador,[],9 June 2006,21:00,2006,0,2,2
Germany,Poland,[],14 June 2006,21:00,2006,1,0,1
Ecuador,Costa Rica,[],15 June 2006,15:00,2006,3,0,3
Ecuador,Germany,[],20 June 2006,16:00,2006,0,3,3
Costa Rica,Poland,[],20 June 2006,16:00,2006,1,2,3
England,Paraguay,[],10 June 2006,15:00,2006,1,0,1
England,Trinidad and Tobago,[],15 June 2006,18:00,2006,2,0,2
Sweden,Paraguay,[],15 June 2006,21:00,2006,1,0,1
Sweden,England,[],20 June 2006,21:00,2006,2,2,4
Paraguay,Trinidad and Tobago,[],20 June 2006,21:00,2006,2,0,2
Argentina,Ivory Coast,[],10 June 2006,21:00,2006,2,1,3
Serbia and Montenegro,Netherlands,[],11 June 2006,15:00,2006,0,1,1
Trinidad and Tobago,Sweden,[],10 June 2006,18:00,2006,0,0,0
Netherlands,Ivory Coast,[],16 June 2006,18:00,2006,2,1,3
Czech Republic,Italy,[],22 June 2006,16:00,2006,0,2,2
Argentina,Serbia and Montenegro,[],16 June 2006,15:00,2006,6,0,6
Italy,United States,[],17 June 2006,21:00,2006,1,1,2
Czech Republic,Ghana,[],17 June 2006,18:00,2006,0,2,2
Italy,Ghana,[],12 June 2006,21:00,2006,2,0,2
Iran,Angola,[],21 June 2006,16:00,2006,1,1,2
Portugal,Mexico,[],21 June 2006,16:00,2006,2,1,3
United States,Czech Republic,[],12 June 2006,18:00,2006,0,3,3
Mexico,Angola,[],16 June 2006,21:00,2006,0,0,0
Angola,Portugal,[],11 June 2006,21:00,2006,0,1,1
Mexico,Iran,[],11 June 2006,18:00,2006,3,1,4
Ivory Coast,Serbia and Montenegro,[],21 June 2006,21:00,2006,3,2,5
Netherlands,Argentina,[],21 June 2006,21:00,2006,0,0,0
Portugal,Iran,[],17 June 2006,15:00,2006,2,0,2
Spain,Honduras,[],21 June 2010,20:30,2010,2,0,2
Honduras,Chile,[],16 June 2010,13:30,2010,0,1,1
Netherlands,Spain,[],11 July 2010,20:30,2010,0,1,1
Chile,Switzerland,[],21 June 2010,16:00,2010,1,0,1
Spain,Switzerland,[],16 June 2010,16:00,2010,0,1,1
North Korea,Ivory Coast,[],25 June 2010,16:00,2010,0,3,3
Slovakia,Italy,[],24 June 2010,16:00,2010,3,2,5
Portugal,North Korea,[],21 June 2010,13:30,2010,7,0,7
Brazil,Ivory Coast,[],20 June 2010,20:30,2010,3,1,4
Brazil,North Korea,[],15 June 2010,20:30,2010,2,1,3
Ivory Coast,Portugal,[],15 June 2010,16:00,2010,0,0,0
Paraguay,New Zealand,[],24 June 2010,16:00,2010,0,0,0
Chile,Spain,[],25 June 2010,20:30,2010,1,2,3
Portugal,Brazil,[],25 June 2010,16:00,2010,0,0,0
Switzerland,Honduras,[],25 June 2010,20:30,2010,0,0,0
Uruguay,Germany,[],10 July 2010,20:30,2010,2,3,5
United States,Ghana,[],26 June 2010,20:30,2010,1,2,3
Germany,England,[],27 June 2010,16:00,2010,4,1,5
Argentina,Mexico,[],27 June 2010,20:30,2010,3,1,4
Netherlands,Slovakia,[],28 June 2010,16:00,2010,2,1,3
Brazil,Chile,[],28 June 2010,20:30,2010,3,0,3
Paraguay,Japan,['5–3'],29 June 2010,16:00,2010,0,0,0
Spain,Portugal,[],29 June 2010,20:30,2010,1,0,1
Netherlands,Brazil,[],2 July 2010,16:00,2010,2,1,3
Uruguay,Ghana,['4–2'],2 July 2010,20:30,2010,1,1,2
Argentina,Germany,[],3 July 2010,16:00,2010,0,4,4
Paraguay,Spain,[],3 July 2010,20:30,2010,0,1,1
Uruguay,Netherlands,[],6 July 2010,20:30,2010,2,3,5
Germany,Spain,[],7 July 2010,20:30,2010,0,1,1
Italy,New Zealand,[],20 June 2010,16:00,2010,1,1,2
Uruguay,South Korea,[],26 June 2010,16:00,2010,2,1,3
Slovakia,Paraguay,[],20 June 2010,13:30,2010,0,2,2
Serbia,Ghana,[],13 June 2010,16:00,2010,0,1,1
Italy,Paraguay,[],14 June 2010,20:30,2010,1,1,2
South Africa,Mexico,[],11 June 2010,16:00,2010,1,1,2
Uruguay,France,[],11 June 2010,20:30,2010,0,0,0
South Africa,Uruguay,[],16 June 2010,20:30,2010,0,3,3
France,Mexico,[],17 June 2010,20:30,2010,0,2,2
Mexico,Uruguay,[],22 June 2010,16:00,2010,0,1,1
France,South Africa,[],22 June 2010,16:00,2010,1,2,3
South Korea,Greece,[],12 June 2010,13:30,2010,2,0,2
Argentina,Nigeria,[],12 June 2010,16:00,2010,1,0,1
Argentina,South Korea,[],17 June 2010,13:30,2010,4,1,5
Greece,Nigeria,[],17 June 2010,16:00,2010,2,1,3
Nigeria,South Korea,[],22 June 2010,20:30,2010,2,2,4
Greece,Argentina,[],22 June 2010,20:30,2010,0,2,2
England,United States,[],12 June 2010,20:30,2010,1,1,2
Algeria,Slovenia,[],13 June 2010,13:30,2010,0,1,1
New Zealand,Slovakia,[],15 June 2010,13:30,2010,1,1,2
England,Algeria,[],18 June 2010,20:30,2010,0,0,0
Cameroon,Netherlands,[],24 June 2010,20:30,2010,1,2,3
Denmark,Japan,[],24 June 2010,20:30,2010,1,3,4
Cameroon,Denmark,[],19 June 2010,20:30,2010,1,2,3
Netherlands,Japan,[],19 June 2010,13:30,2010,1,0,1
Slovenia,United States,[],18 June 2010,16:00,2010,2,2,4
Netherlands,Denmark,[],14 June 2010,13:30,2010,2,0,2
Japan,Cameroon,[],14 June 2010,16:00,2010,1,0,1
Ghana,Germany,[],23 June 2010,20:30,2010,0,1,1
Ghana,Australia,[],19 June 2010,16:00,2010,1,1,2
Germany,Serbia,[],18 June 2010,13:30,2010,0,1,1
Germany,Australia,[],13 June 2010,20:30,2010,4,0,4
United States,Algeria,[],23 June 2010,16:00,2010,1,0,1
Slovenia,England,[],23 June 2010,16:00,2010,0,1,1
Australia,Serbia,[],23 June 2010,20:30,2010,2,1,3
South Korea,Belgium,[],26 June 2014,17:00,2014,0,1,1
South Korea,Algeria,[],22 June 2014,16:00,2014,2,4,6
Belgium,Russia,[],22 June 2014,13:00,2014,1,0,1
Russia,South Korea,[],17 June 2014,18:00,2014,1,1,2
Belgium,Algeria,[],17 June 2014,13:00,2014,2,1,3
Bosnia and Herzegovina,Iran,[],25 June 2014,13:00,2014,3,1,4
United States,Germany,[],26 June 2014,13:00,2014,0,1,1
United States,Portugal,[],22 June 2014,18:00,2014,2,2,4
Germany,Ghana,[],21 June 2014,16:00,2014,2,2,4
Ghana,United States,[],16 June 2014,19:00,2014,1,2,3
Germany,Portugal,[],16 June 2014,13:00,2014,4,0,4
Algeria,Russia,[],26 June 2014,17:00,2014,1,1,2
Portugal,Ghana,[],26 June 2014,13:00,2014,2,1,3
Brazil,Chile,['3–2'],28 June 2014,13:00,2014,1,1,2
France,Germany,[],4 July 2014,13:00,2014,0,1,1
Netherlands,Mexico,[],29 June 2014,13:00,2014,2,1,3
Costa Rica,Greece,['5–3'],29 June 2014,17:00,2014,1,1,2
France,Nigeria,[],30 June 2014,13:00,2014,2,0,2
Germany,Algeria,[],30 June 2014,17:00,2014,2,1,3
Argentina,Switzerland,[],1 July 2014,13:00,2014,1,0,1
Belgium,United States,[],1 July 2014,17:00,2014,2,1,3
Brazil,Colombia,[],4 July 2014,17:00,2014,2,1,3
Argentina,Belgium,[],5 July 2014,13:00,2014,1,0,1
Netherlands,Costa Rica,['4–3'],5 July 2014,17:00,2014,0,0,0
Brazil,Germany,[],8 July 2014,17:00,2014,1,7,8
Netherlands,Argentina,['2–4'],9 July 2014,17:00,2014,0,0,0
Brazil,Netherlands,[],12 July 2014,17:00,2014,0,3,3
Germany,Argentina,[],13 July 2014,16:00,2014,1,0,1
Nigeria,Argentina,[],25 June 2014,13:00,2014,2,3,5
Colombia,Uruguay,[],28 June 2014,17:00,2014,2,0,2
Nigeria,Bosnia and Herzegovina,[],21 June 2014,18:00,2014,1,0,1
Argentina,Iran,[],21 June 2014,13:00,2014,1,0,1
Brazil,Croatia,[],12 June 2014,17:00,2014,3,1,4
Iran,Nigeria,[],16 June 2014,16:00,2014,0,0,0
Mexico,Cameroon,[],13 June 2014,13:00,2014,1,0,1
Brazil,Mexico,[],17 June 2014,16:00,2014,0,0,0
Cameroon,Croatia,[],18 June 2014,18:00,2014,0,4,4
Cameroon,Brazil,[],23 June 2014,17:00,2014,1,4,5
Croatia,Mexico,[],23 June 2014,17:00,2014,1,3,4
Spain,Netherlands,[],13 June 2014,16:00,2014,1,5,6
Chile,Australia,[],13 June 2014,18:00,2014,3,1,4
Spain,Chile,[],18 June 2014,16:00,2014,0,2,2
Australia,Spain,[],23 June 2014,13:00,2014,0,3,3
Netherlands,Chile,[],23 June 2014,13:00,2014,2,0,2
Colombia,Greece,[],14 June 2014,13:00,2014,3,0,3
Ivory Coast,Japan,[],14 June 2014,22:00,2014,2,1,3
Colombia,Ivory Coast,[],19 June 2014,13:00,2014,2,1,3
Japan,Greece,[],19 June 2014,19:00,2014,0,0,0
Australia,Netherlands,[],18 June 2014,13:00,2014,2,3,5
Greece,Ivory Coast,[],24 June 2014,17:00,2014,2,1,3
Japan,Colombia,[],24 June 2014,16:00,2014,1,4,5
Ecuador,France,[],25 June 2014,17:00,2014,0,0,0
Honduras,Switzerland,[],25 June 2014,16:00,2014,0,3,3
Honduras,Ecuador,[],20 June 2014,19:00,2014,1,2,3
Switzerland,France,[],20 June 2014,16:00,2014,2,5,7
France,Honduras,[],15 June 2014,16:00,2014,3,0,3
Switzerland,Ecuador,[],15 June 2014,13:00,2014,2,1,3
Argentina,Bosnia and Herzegovina,[],15 June 2014,19:00,2014,2,1,3
Italy,Uruguay,[],24 June 2014,13:00,2014,0,1,1
Italy,Costa Rica,[],20 June 2014,13:00,2014,0,1,1
Uruguay,England,[],19 June 2014,16:00,2014,2,1,3
England,Italy,[],14 June 2014,18:00,2014,1,2,3
Uruguay,Costa Rica,[],14 June 2014,16:00,2014,1,3,4
Costa Rica,England,[],24 June 2014,13:00,2014,0,0,0
France,Croatia,[],15 July 2018,18:00,2018,4,2,6
Japan,Poland,[],28 June 2018,17:00,2018,0,1,1
Poland,Colombia,[],24 June 2018,21:00,2018,0,3,3
Japan,Senegal,[],24 June 2018,20:00,2018,2,2,4
Poland,Senegal,[],19 June 2018,18:00,2018,1,2,3
Colombia,Japan,[],19 June 2018,15:00,2018,1,2,3
Panama,Tunisia,[],28 June 2018,21:00,2018,1,2,3
Belgium,Tunisia,[],23 June 2018,15:00,2018,5,2,7
England,Panama,[],24 June 2018,15:00,2018,6,1,7
Tunisia,England,[],18 June 2018,21:00,2018,1,2,3
Belgium,Panama,[],18 June 2018,18:00,2018,3,0,3
Mexico,Sweden,[],27 June 2018,19:00,2018,0,3,3
South Korea,Germany,[],27 June 2018,17:00,2018,2,0,2
England,Belgium,[],28 June 2018,20:00,2018,0,1,1
Senegal,Colombia,[],28 June 2018,18:00,2018,0,1,1
Germany,Sweden,[],23 June 2018,21:00,2018,2,1,3
Uruguay,Portugal,[],30 June 2018,21:00,2018,2,1,3
Spain,Russia,['3–4'],1 July 2018,17:00,2018,1,1,2
Croatia,Denmark,['3–2'],1 July 2018,21:00,2018,1,1,2
Brazil,Mexico,[],2 July 2018,18:00,2018,2,0,2
Belgium,Japan,[],2 July 2018,21:00,2018,3,2,5
Sweden,Switzerland,[],3 July 2018,17:00,2018,1,0,1
Colombia,England,['3–4'],3 July 2018,21:00,2018,1,1,2
Uruguay,France,[],6 July 2018,17:00,2018,0,2,2
Brazil,Belgium,[],6 July 2018,21:00,2018,1,2,3
Sweden,England,[],7 July 2018,18:00,2018,0,2,2
Russia,Croatia,['3–4'],7 July 2018,21:00,2018,2,2,4
France,Belgium,[],10 July 2018,21:00,2018,1,0,1
Croatia,England,[],11 July 2018,21:00,2018,2,1,3
Belgium,England,[],14 July 2018,17:00,2018,2,0,2
France,Argentina,[],30 June 2018,17:00,2018,4,3,7
South Korea,Mexico,[],23 June 2018,18:00,2018,1,2,3
Denmark,France,[],26 June 2018,17:00,2018,0,0,0
Germany,Mexico,[],17 June 2018,18:00,2018,0,1,1
Sweden,South Korea,[],18 June 2018,15:00,2018,1,0,1
Russia,Saudi Arabia,[],14 June 2018,18:00,2018,5,0,5
Egypt,Uruguay,[],15 June 2018,17:00,2018,0,1,1
Russia,Egypt,[],19 June 2018,21:00,2018,3,1,4
Uruguay,Saudi Arabia,[],20 June 2018,18:00,2018,1,0,1
Uruguay,Russia,[],25 June 2018,18:00,2018,3,0,3
Saudi Arabia,Egypt,[],25 June 2018,17:00,2018,2,1,3
Morocco,Iran,[],15 June 2018,18:00,2018,0,1,1
Portugal,Morocco,[],20 June 2018,15:00,2018,1,0,1
Iran,Spain,[],20 June 2018,21:00,2018,0,1,1
Iran,Portugal,[],25 June 2018,21:00,2018,1,1,2
Spain,Morocco,[],25 June 2018,20:00,2018,2,2,4
France,Australia,[],16 June 2018,13:00,2018,2,1,3
Peru,Denmark,[],16 June 2018,19:00,2018,0,1,1
Portugal,Spain,[],15 June 2018,21:00,2018,3,3,6
France,Peru,[],21 June 2018,20:00,2018,1,0,1
Denmark,Australia,[],21 June 2018,16:00,2018,1,1,2
Serbia,Brazil,[],27 June 2018,21:00,2018,0,2,2
Serbia,Switzerland,[],22 June 2018,20:00,2018,1,2,3
Brazil,Costa Rica,[],22 June 2018,15:00,2018,2,0,2
Brazil,Switzerland,[],17 June 2018,21:00,2018,1,1,2
Iceland,Croatia,[],26 June 2018,21:00,2018,1,2,3
Costa Rica,Serbia,[],17 June 2018,16:00,2018,0,1,1
Switzerland,Costa Rica,[],27 June 2018,21:00,2018,2,2,4
Nigeria,Iceland,[],22 June 2018,18:00,2018,2,0,2
Argentina,Croatia,[],21 June 2018,21:00,2018,0,3,3
Croatia,Nigeria,[],16 June 2018,21:00,2018,2,0,2
Argentina,Iceland,[],16 June 2018,16:00,2018,1,1,2
Australia,Peru,[],26 June 2018,17:00,2018,0,2,2
Nigeria,Argentina,[],26 June 2018,21:00,2018,1,2,3
Cameroon,Brazil,[],2 December 2022,22:00,2022,1,0,1
South Korea,Ghana,[],28 November 2022,16:00,2022,2,3,5
Portugal,Ghana,[],24 November 2022,19:00,2022,3,2,5
Uruguay,South Korea,[],24 November 2022,16:00,2022,0,0,0
Serbia,Switzerland,[],2 December 2022,22:00,2022,2,3,5
Croatia,Canada,[],27 November 2022,19:00,2022,4,1,5
Cameroon,Serbia,[],28 November 2022,13:00,2022,3,3,6
Brazil,Serbia,[],24 November 2022,22:00,2022,2,0,2
Switzerland,Cameroon,[],24 November 2022,13:00,2022,1,0,1
Canada,Morocco,[],1 December 2022,18:00,2022,1,2,3
Croatia,Belgium,[],1 December 2022,18:00,2022,0,0,0
Portugal,Uruguay,[],28 November 2022,22:00,2022,2,0,2
Brazil,Switzerland,[],28 November 2022,19:00,2022,1,0,1
Ghana,Uruguay,[],2 December 2022,18:00,2022,0,2,2
France,Morocco,[],14 December 2022,22:00,2022,2,0,2
Netherlands,United States,[],3 December 2022,18:00,2022,3,1,4
Argentina,Australia,[],3 December 2022,22:00,2022,2,1,3
France,Poland,[],4 December 2022,18:00,2022,3,1,4
England,Senegal,[],4 December 2022,22:00,2022,3,0,3
Japan,Croatia,['1–3'],5 December 2022,18:00,2022,1,1,2
Brazil,South Korea,[],5 December 2022,22:00,2022,4,1,5
Morocco,Spain,['3–0'],6 December 2022,18:00,2022,0,0,0
Portugal,Switzerland,[],6 December 2022,22:00,2022,6,1,7
Croatia,Brazil,['4–2'],9 December 2022,18:00,2022,1,1,2
Netherlands,Argentina,['3–4'],9 December 2022,22:00,2022,2,2,4
Morocco,Portugal,[],10 December 2022,18:00,2022,1,0,1
England,France,[],10 December 2022,22:00,2022,1,2,3
Argentina,Croatia,[],13 December 2022,22:00,2022,3,0,3
Belgium,Morocco,[],27 November 2022,16:00,2022,0,2,2
South Korea,Portugal,[],2 December 2022,18:00,2022,2,1,3
Belgium,Canada,[],23 November 2022,22:00,2022,1,0,1
Poland,Argentina,[],30 November 2022,22:00,2022,0,2,2
Costa Rica,Germany,[],1 December 2022,22:00,2022,2,4,6
Croatia,Morocco,[],17 December 2022,18:00,2022,2,1,3
Qatar,Ecuador,[],20 November 2022,19:00,2022,0,2,2
Senegal,Netherlands,[],21 November 2022,19:00,2022,0,2,2
Qatar,Senegal,[],25 November 2022,16:00,2022,1,3,4
Netherlands,Ecuador,[],25 November 2022,19:00,2022,1,1,2
Ecuador,Senegal,[],29 November 2022,18:00,2022,1,2,3
Netherlands,Qatar,[],29 November 2022,18:00,2022,2,0,2
England,Iran,[],21 November 2022,16:00,2022,6,2,8
United States,Wales,[],21 November 2022,22:00,2022,1,1,2
Wales,Iran,[],25 November 2022,13:00,2022,0,2,2
England,United States,[],25 November 2022,22:00,2022,0,0,0
Wales,England,[],29 November 2022,22:00,2022,0,3,3
Iran,United States,[],29 November 2022,22:00,2022,0,1,1
Argentina,Saudi Arabia,[],22 November 2022,13:00,2022,1,2,3
Mexico,Poland,[],22 November 2022,19:00,2022,0,0,0
Poland,Saudi Arabia,[],26 November 2022,16:00,2022,2,0,2
Argentina,Mexico,[],26 November 2022,22:00,2022,2,0,2
Saudi Arabia,Mexico,[],30 November 2022,22:00,2022,1,2,3
Denmark,Tunisia,[],22 November 2022,16:00,2022,0,0,0
France,Australia,[],22 November 2022,22:00,2022,4,1,5
Tunisia,Australia,[],26 November 2022,13:00,2022,0,1,1
France,Denmark,[],26 November 2022,19:00,2022,2,1,3
Australia,Denmark,[],30 November 2022,18:00,2022,1,0,1
Tunisia,France,[],30 November 2022,18:00,2022,1,0,1
Germany,Japan,[],23 November 2022,16:00,2022,1,2,3
Spain,Costa Rica,[],23 November 2022,19:00,2022,7,0,7
Japan,Costa Rica,[],27 November 2022,13:00,2022,0,1,1
Spain,Germany,[],27 November 2022,22:00,2022,1,1,2
Japan,Spain,[],1 December 2022,22:00,2022,2,1,3
Morocco,Croatia,[],23 November 2022,13:00,2022,0,0,0
Argentina,France,['4–2'],18 December 2022,18:00,2022,3,3,6
